{"exp": {"mean": 17.518549260194874, "std": 10.989387205110251}, "age": {"mean": 40.64072536990256, "std": 10.609588656407302}, "tenure": {"mean": 120.3662215806568, "std": 108.69970045476138}}